2016,01/04,0.000100534643232712
2016,01/12,0.000108455870390897
2016,01/19,0.000988772488394283
2016,01/20,0.000769621500146228
2016,01/22,0.00202390228599763
2016,01/23,0.00176161786985167
2016,01/24,0.00152599533045429
2016,01/25,0.00248394748935008
2016,01/26,0.00306606214141445
2016,01/27,0.00208450586788402
2016,01/28,0.00276138842610064
2016,01/29,0.000767215353513654
2016,01/31,0.00336202259279182
2016,02/01,0.00361483238022253
2016,02/02,0.000613194724072594
2016,02/04,0.000427038360855956
2016,02/06,0.000833395838021185
2016,02/08,0.000713383793346983
2016,02/10,0.00503860833637749
2016,02/11,0.0196074936275646
2016,02/12,0.0130625447081143
2016,02/13,0.00207673537199522
2016,02/14,0.00259437021662991
2016,02/15,0.0359934923765783
2016,02/16,0.0142068998176781
2016,02/17,0.0033985476872883
2016,02/18,0.00285344153583637
2016,02/19,0.00103970098199758
2016,02/20,0.000852079072937969
2016,02/22,0.00437170414492199
2016,02/23,0.00297807393068533
2016,02/24,0.00362709335101973
2016,02/25,0.00194551267501508
2016,02/26,0.00279228213218664
2016,02/27,0.0167744776322825
2016,02/28,0.00539327781852699
2016,02/29,0.00360550921808523
2016,03/01,0.00488656195462478
2016,03/02,0.00587033601803367
2016,03/03,0.00237128656523884
2016,03/04,0.00264312523127346
2016,03/05,0.00170766485369581
2016,03/06,0.00194870995401045
2016,03/07,0.00196309383588536
2016,03/08,0.00287301833560302
2016,03/09,0.000377710545300714
2016,03/10,0.00147496976311986
2016,03/11,0.00236254422387469
2016,03/12,0.00182801988885639
2016,03/13,0.0197022497506434
2016,03/14,0.00615767759768471
2016,03/15,0.0117087359495169
2016,03/16,0.0118525542254356
2016,03/17,0.0105381018244089
2016,03/18,0.0566512056084694
2016,03/19,0.035088143837191
2016,03/20,0.0164838183849521
2016,03/21,0.00982142857142857
2016,03/22,0.00365305699986605
2016,03/23,0.00824894032843473
2016,03/24,0.0327664952555452
2016,03/25,0.031608892635128
2016,03/26,0.029873726057932
2016,03/27,0.00705467372134039
2016,03/28,0.00886905858354312
2016,03/29,0.00742335387127904
2016,03/30,0.00397933399213418
2016,03/31,0.00664612410126276
2016,04/01,0.0058374134421038
2016,04/02,0.00680741814079686
2016,04/03,0.0107414682052541
2016,04/04,0.00902107461816567
2016,04/05,0.0269538399819472
2016,04/06,0.0383925518449421
2016,04/07,0.0113496642390996
2016,04/08,0.0101582900610095
2016,04/09,0.00941100549871607
2016,04/10,0.00494330645410449
2016,04/11,0.00916741533891935
2016,04/12,0.0262409796632408
2016,04/13,0.0262606683965361
2016,04/14,0.0139736081071229
2016,04/15,0.00456829602558246
2016,04/16,0.00599808061420345
2016,04/17,0.00426297436247218
2016,04/18,0.0100731140192564
2016,04/19,0.0101402248232704
2016,04/20,0.0152991225212954
2016,04/21,0.0181718193338594
2016,04/22,0.0134262068817366
2016,04/23,0.00579527767659039
2016,04/24,0.000760092123165328
2016,04/25,0.0149952202735378
2016,04/26,0.0572412346628448
2016,04/27,0.00999265923878997
2016,04/28,0.00562255770149841
2016,04/29,0.00888666273499164
2016,04/30,0.0058885879166176
2016,05/01,0.00401493556028426
2016,05/02,0.00649818641524593
2016,05/03,0.00156707266907735
2016,05/04,0.00555746979515166
2016,05/05,0.00972037715063344
2016,05/06,0.00876262509800304
2016,05/07,0.00382925358274538
2016,05/08,0.00534930993901787
2016,05/09,0.00843121446374841
2016,05/10,0.0302821363348366
2016,05/11,0.0190944676053264
2016,05/12,0.00791965509902044
2016,05/13,0.00567448326736747
2016,05/14,0.00798821294800561
2016,05/15,0.010559459355681
2016,05/16,0.0141755165203832
2016,05/17,0.0283424323382507
2016,05/18,0.019486340075607
2016,05/19,0.0852626450367216
2016,05/20,0.0687352710133543
2016,05/21,0.0247581495575627
2016,05/22,0.0218492402423279
2016,05/23,0.017304406134412
2016,05/24,0.0300794887473126
2016,05/25,0.0099183539139177
2016,05/26,0.0160317428508447
2016,05/27,0.0306054310728595
2016,05/28,0.00176594204178219
2016,05/29,0.0080141048244911
2016,05/30,0.0162328878307451
2016,05/31,0.00761437022019807
2016,06/01,0.00567633535789294
2016,06/02,0.00560184861004131
2016,06/03,0.00904852136515574
2016,06/04,0.0097495751970807
2016,06/05,0.00395231922091884
2016,06/06,0.00423695471905964
2016,06/07,0.00285564704202561
2016,06/08,0.0153191750113617
2016,06/09,0.0257986633371788
2016,06/10,0.025062522996198
2016,06/11,0.0125570298438743
2016,06/12,0.00530082162735224
2016,06/13,0.00173366311458357
2016,06/14,0.00408369533590946
2016,06/15,0.0073950640412546
2016,06/16,0.0148187664858777
2016,06/17,0.043483536930669
2016,06/18,0.024261784656443
2016,06/19,0.0157103020305565
2016,06/20,0.0462284800855505
2016,06/21,0.0521460468555934
2016,06/22,0.0186024400200493
2016,06/23,0.0858549242568779
2016,06/24,0.0233425544700992
2016,06/25,0.0100496297097976
2016,06/26,0.0163785855453523
2016,06/27,0.0160014125384862
2016,06/28,0.0199664373695645
2016,06/29,0.0118546618457708
2016,06/30,0.0177663076002394
2016,07/01,0.019194953283634
2016,07/02,0.00888462426923965
2016,07/03,0.00175102215918542
2016,07/04,0.00455819677735488
2016,07/05,0.0336435381597555
2016,07/06,0.027089633515958
2016,07/07,0.0408296586640536
2016,07/08,0.0120431802754604
2016,07/09,0.0220200382347937
2016,07/10,0.0064509886140051
2016,07/11,0.00935301733261791
2016,07/12,0.00398143513673386
2016,07/13,0.00376226767997076
2016,07/14,0.00311536184927879
2016,07/15,0.0127638084984767
2016,07/16,0.0249515364388399
2016,07/17,0.0293177476403942
2016,07/18,0.00619581885490941
2016,07/19,0.00356154347118203
2016,07/20,0.00309421258478142
2016,07/21,0.00439553999208803
2016,07/22,0.00435514778468149
2016,07/23,0.000555163856612279
2016,07/25,0.00252694992090647
2016,07/26,0.00528677835475458
2016,07/27,0.00582676498008306
2016,07/28,0.0101661315327985
2016,07/29,0.00590876861262113
2016,07/30,0.00168747890651367
2016,07/31,0.00339881721161036
2016,08/01,0.00279163904107199
2016,08/02,0.00185890882052235
2016,08/03,0.00321849734795819
2016,08/04,0.0842291453900336
2016,08/05,0.0891655355327499
2016,08/06,0.0382917833894274
2016,08/07,0.0195340054478171
2016,08/08,0.0138504922464944
2016,08/09,0.00461028670220429
2016,08/10,0.00525143889425703
2016,08/11,0.00211157565775582
2016,08/12,0.00389934491005511
2016,08/13,0.00357270453733476
2016,08/14,0.00346680533888022
2016,08/15,0.0111856041274879
2016,08/16,0.135557984526029
2016,08/17,0.0987413081664259
2016,08/18,0.032625075736783
2016,08/19,0.0181446011306355
2016,08/20,0.0109871450403028
2016,08/21,0.00805485355269385
2016,08/22,0.00905053820533861
2016,08/23,0.0258517926303242
2016,08/24,0.00576380956373201
2016,08/25,0.00272982387176379
2016,08/26,0.00965271670348999
2016,08/27,0.00929828911480288
2016,08/28,0.0237938770423078
2016,08/29,0.00826499949819646
2016,08/30,0.00377806563039724
2016,08/31,0.0436409937824419
